,Filename,Train,Val,Variance,Skewness,Kurtosis,L2 Norm,Gini Coef,Entropy,Phi
0,0,0.19943734,0.18089579,2.0881166881842814,5.2735563791114615,26.984253647797072,8.871479225174884,-0.9511563406259882,0.2530673318741798,0.04479187067626138
1,0,0.16454972,0.14452206,1.2261250661227194,5.156735372538894,25.895917508934367,6.793495662654906,-0.9578550146103367,0.2530673318741798,0.06599858841630528
2,0,0.12927333,0.11015997,0.9229451189888879,4.9356341595013085,23.805969598490524,5.9056993634460815,-0.9541692635391184,0.2530673318741798,0.08425111099826445
3,0,0.097055614,0.080784574,0.9229477399350867,4.804621930542974,22.53836126975441,5.911582064992841,-0.9526000760509066,0.2530673318741798,0.10355118567721781
4,0,0.07085054,0.05940671,2.033505689694758,5.14158066697357,25.762907768324663,8.75758771568947,-0.9553262616653205,0.2530673318741798,0.1259114423837565
5,0,0.053271864,0.04749555,3.0634186578120697,5.219817410171017,26.49275557006913,10.745630964717062,-0.9554439639141393,0.2530673318741798,0.15927827505340447
6,0,0.04456507,0.042591713,3.257842197026285,5.171483511850037,26.046731454334548,11.085500418647355,-0.9549664331904609,0.2530673318741798,0.1671892483552442
7,0,0.041426882,0.040362433,2.7310640352283038,5.054782848508962,24.945919986322185,10.15352889226765,-0.9550210414412543,0.2530673318741798,0.14692270700112256
8,0,0.039999027,0.038155444,1.5196733648660437,4.652406436978739,21.035478551081958,7.590743250969545,-0.9519149485686332,0.2530673318741798,0.13470804139401477
9,0,0.038144212,0.035268016,1.1349197738129548,4.474120408322627,19.241536670253957,6.563713131978053,-0.951139957007301,0.2530673318741798,0.12358956713386478
10,0,0.03548055,0.03223128,1.2511797605163482,4.666033014624296,21.166632776421576,6.881994294326874,-0.9544708435632588,0.2530673318741798,0.11083629302159319
11,0,0.032655384,0.029780183,1.9148422128950966,5.052307151888976,24.917283728961905,8.499419872599216,-0.9549939324656692,0.2530673318741798,0.0981306052943293
12,0,0.030364042,0.028219257,2.4287923672987466,5.2611861005039176,26.861149984216116,9.558363865300503,-0.9573561494134828,0.2530673318741798,0.07849693378068333
13,0,0.028854484,0.027407736,0.694025617840695,4.64981088698988,21.00897212693229,5.130303490418385,-0.9510481166042057,0.2530673318741798,0.06126388406769876
14,0,0.027985578,0.027002642,0.15176496397619804,4.048747906204193,15.056625488933555,2.421306361032675,-0.9292939298792503,0.2145591551764051,0.05264766853293135
15,1,0.2454452,0.14210686,2.8492978170618377,4.882953469568239,24.28503246299898,10.701353393600176,-0.8485030185958754,0.5349233772048916,0.03255229913251153
16,1,0.19389038,0.10137793,0.1028130433479662,3.4713012745635825,11.580660008638239,2.0888273604507908,-0.7984878136155257,0.2145591551764051,0.023604903878067414
17,1,0.14324626,0.06514945,0.12010384859682517,2.9679555605649273,7.293657229895928,2.242565048767821,-0.8362800885683014,0.2868359830561607,0.03359096398108187
18,1,0.097603746,0.039002623,2.4505537246551095,5.146977600948468,26.10118800469392,9.679681130179398,-0.9286775012017531,0.3783870071118365,0.05877921572262234
19,1,0.0619559,0.028125161,6.511816685825489,5.344919854146811,27.769154640744514,15.72845184584702,-0.9333427854749725,0.33987883041406175,0.09962668551820772
20,1,0.041281175,0.035792727,5.292212062454631,5.0177705741808145,24.974291571827127,14.289891286494733,-0.9079452070907155,0.3783870071118365,0.149445519438265
21,1,0.037898477,0.053430438,4.167887001171768,4.675624435691136,21.973603764456847,12.759889884670606,-0.8960254376862122,0.3783870071118365,0.1530746077615717
22,1,0.04410373,0.06331043,3.182731000136896,4.456109164275197,20.006646573874082,11.175446991737868,-0.8949106077911699,0.3783870071118365,0.13378631920911005
23,1,0.04713138,0.059958093,2.187783700451664,4.274668085568316,18.3843006678118,9.266363227578575,-0.904341752758319,0.3783870071118365,0.10840462844734801
24,1,0.044051975,0.050005227,1.040837386567474,3.686803706432679,13.114077455637965,6.415656575705311,-0.9102599435264296,0.3783870071118365,0.0822850170055606
25,1,0.03918921,0.040862076,0.46499179269745106,3.0372798871110382,7.518684905064317,4.3524586556386,-0.8702340927505747,0.2868359830561607,0.06393794674763485
26,1,0.035856906,0.034508895,0.22631677159730101,3.131303790054226,8.425803812412177,3.0443640421453604,-0.8691735357510345,0.33987883041406175,0.05110145728765824
27,1,0.03434524,0.031020056,0.14208797900153275,3.4398948617856373,10.60272729484323,2.406243464456571,-0.866403174201098,0.2145591551764051,0.04109986277098714
28,1,0.033895522,0.029462378,0.10674922941148657,3.4316549349927263,10.684264764433522,2.1081563967680323,-0.8350810556471137,0.2145591551764051,0.03424387597600621
29,1,0.033584792,0.028989926,0.08833500744007353,3.2478230568179316,9.73426970358882,1.9397679247569275,-0.8222461285804119,0.2145591551764051,0.031092512168789686
30,10,0.26141116,0.2790337,3.1532217583814215,4.4726287486455005,20.914199901915556,11.228147879173097,-0.8835440440177645,0.61912858631753,0.043572981366575406
31,10,0.20629603,0.20970747,0.7485037160185481,2.808240051615562,6.98666787039477,5.5872930003731724,-0.8722422789175621,0.549458047865018,0.05674181345024377
32,10,0.15130623,0.14126697,1.015326385620647,3.151226948565884,9.111136448652474,6.4402330623811705,-0.885344440002637,0.3783870071118365,0.07258115956634241
33,10,0.10021772,0.0797392,1.1797008508854612,3.2372928469248725,9.322829341492719,6.8790043295932755,-0.9011519029766784,0.3783870071118365,0.09355032113563179
34,10,0.059313614,0.03655535,1.3353688466560856,3.157328859319032,8.413111980557064,7.282278159206741,-0.9106205567726305,0.3783870071118365,0.11420338699381409
35,10,0.03874025,0.01979053,1.6911762202010163,3.141770316716228,8.26856174883393,8.19080271326835,-0.9134023732022885,0.3783870071118365,0.13508682279077985
36,10,0.03987358,0.022127368,1.971064491036071,3.166741248007961,8.45359725151847,8.834376932826306,-0.9154910699013545,0.3783870071118365,0.15149717817344782
37,10,0.04750654,0.024051875,2.2227779299398907,3.1605834584503527,8.415214019983342,9.40016190020397,-0.9101814519660478,0.3783870071118365,0.15859291600554115
38,10,0.04649424,0.020820623,2.3683914102484978,3.1363164483051027,8.210242823001611,9.70967095352613,-0.9085021714229302,0.3783870071118365,0.15818640707488826
39,10,0.03881935,0.019034646,2.429762728367634,3.114098890951065,8.025269118126461,9.835759695873797,-0.9079111685242476,0.33987883041406175,0.1546436941409445
40,10,0.032461967,0.021989126,2.5230936323318343,3.0857927453018092,7.825803803065849,10.028220102963571,-0.9072122830675386,0.33987883041406175,0.1531562707473861
41,10,0.030500479,0.027360803,2.650632195187276,3.080984432278952,7.7934478316268745,10.281398884162398,-0.906574202091551,0.33987883041406175,0.15386126845799208
42,10,0.031200955,0.031475544,2.854521488240062,3.0836706604157933,7.815557268240042,10.67292321308698,-0.9057022290007867,0.33987883041406175,0.15734539589510113
43,10,0.031965114,0.03244229,3.1580526724421016,3.0821350242172287,7.818222274618366,11.23635376934418,-0.9034305578464372,0.33987883041406175,0.16373412588711156
44,10,0.03159504,0.030525029,3.555960238090835,3.0805125644361424,7.831192111980069,11.939295175940199,-0.9005469113835249,0.33987883041406175,0.1721544829733579
45,11,0.24870567,0.33907542,1.0729172075722209,5.576592913122559,29.698089683967112,6.372230097194733,-0.9268301351020289,0.12693054534140227,0.02577932691113683
46,11,0.21119958,0.28483576,0.4991357053750484,4.8975778740467435,23.68757931145823,4.387267561874558,-0.916535694237397,0.2530673318741798,0.040744403578213136
47,11,0.17108858,0.22736625,0.3178673508758403,3.9161073260850734,14.041076922987138,3.522244948426497,-0.9176216354909215,0.2145591551764051,0.05070080085601439
48,11,0.13058825,0.1672629,0.26898425096874223,4.119192536965655,16.09119350212326,3.236011528517367,-0.9180380545086754,0.2530673318741798,0.06646168462381721
49,11,0.09199289,0.111037634,0.3254149568984939,5.292887281462036,27.26646872382878,3.528622343633491,-0.9133896151216282,0.12693054534140227,0.08981601647380638
50,11,0.061595708,0.065686,0.5126241390457277,5.539745795100131,29.420465355825947,4.418002097875278,-0.9112161583606209,0.12693054534140227,0.1088207304072642
51,11,0.043328643,0.03560456,0.7504110434306284,5.208819833776192,26.59131459578574,5.365649856709144,-0.9162393737369928,0.2530673318741798,0.12325967612149753
52,11,0.036440656,0.020057794,0.9737494664376288,4.894854094578603,23.77162304701862,6.128833334379854,-0.9192520431835314,0.2530673318741798,0.13213779968322917
53,11,0.035691947,0.013677314,1.0801036262324024,4.719734645520194,22.137889344655033,6.463675100655325,-0.9193021349024497,0.2530673318741798,0.1398983124118021
54,11,0.034297004,0.010696765,1.0815005834417935,4.685807975505679,21.795081575279962,6.4680058194703145,-0.920215110688352,0.2530673318741798,0.13649637349002508
55,11,0.029199561,0.009380291,1.00901035400495,4.777261722700273,22.607544012722126,6.240665379020111,-0.9204661033900221,0.2530673318741798,0.1357637551481274
56,11,0.022425354,0.010452114,0.8888354175749167,4.866421876866341,23.431557763781793,5.853491422649289,-0.9197550657887571,0.2530673318741798,0.12829939600445361
57,11,0.01707987,0.013764447,0.7669440679839825,4.96674428933454,24.35658264347917,5.433746301670921,-0.9185644749856097,0.2530673318741798,0.12197170669124559
58,11,0.014298541,0.017530201,0.6402998656914902,5.157197839722354,26.063163534759944,4.954712756528505,-0.9181229348300528,0.2530673318741798,0.11547113954551538
59,11,0.013452212,0.019403592,0.614903634053224,5.223326622103276,26.7385681056842,4.8660990986841695,-0.9079713805322422,0.2530673318741798,0.11137346365960105
60,12,0.22943632,0.35884738,11.108480632179768,4.783421735905738,22.65996276344243,20.835735569785395,-0.8713555877659543,0.4643566259363562,0.2085972448357362
61,12,0.18409605,0.28831416,10.579412434323586,4.049250104907391,15.173149413329625,20.376621825370744,-0.8776252710706679,0.4643566259363562,0.24358777921447783
62,12,0.1330554,0.21459658,6.660359515905813,5.6413716085035555,30.216383182337353,15.851967325743535,-0.9263064197369795,0.2530673318741798,0.2915441942822877
63,12,0.08694032,0.14599946,7.946960012727512,5.6048705129558485,29.94127619777707,17.394217801267235,-0.8953815788617058,0.33987883041406175,0.34722742512288063
64,12,0.051951427,0.09006127,9.8365294148811,5.553011435670177,29.5371416888184,19.397881536704347,-0.8915906724952378,0.4113137785784551,0.40908849764228655
65,12,0.03418779,0.05608492,12.277906373593531,5.4712447557543715,28.88665736741086,21.741771510376758,-0.8845367060962829,0.5951550802798815,0.4525183902049789
66,12,0.034687568,0.04396031,14.27530535133882,5.386188846533406,28.199768313885063,23.51177024574126,-0.8789663896351425,0.6576367630153047,0.46765375027391054
67,12,0.04104946,0.041733485,14.700413954383132,5.3117598810894195,27.592332173038372,23.911654480807563,-0.8754664238421084,0.6576367630153047,0.4640800938528222
68,12,0.040210072,0.04232648,13.626991635185163,5.251404442605197,27.101463274197823,23.070565550525874,-0.8707977820333217,0.6576367630153047,0.44803561303194234
69,12,0.033545587,0.04688862,11.970052611682737,5.192123770012657,26.615648434724807,21.662380528412314,-0.867273849836399,0.6576367630153047,0.4251630199112649
70,12,0.028113209,0.05524388,10.452746105495123,5.116657076403056,25.98491651690747,20.27651198849381,-0.8658611173337866,0.6576367630153047,0.4007702295908963
71,12,0.02668331,0.06383752,9.300137800034506,5.021292753455579,25.17637347776729,19.163815317499974,-0.8638620781999535,0.6576367630153047,0.37969972011395553
72,12,0.02768602,0.069017485,8.783335236304058,4.874304536766573,23.933742726630637,18.693764211528958,-0.8573559230339326,0.6576367630153047,0.3642453474400541
73,12,0.028751856,0.06934203,8.611713702912997,4.73816823195794,22.75413538223827,18.55605081767344,-0.8558343239424753,0.6576367630153047,0.35576525556065786
74,12,0.028767472,0.06558813,8.813589476603777,4.599344601154177,21.54189135518753,18.81970569581047,-0.8538859194708377,0.6576367630153047,0.35300260261409927
75,13,0.34169897,0.28853735,7.084241870417987,2.684615987515964,6.5951303489099455,18.831334921746258,-0.6534682353309784,1.3100308429120273,0.10948045098043793
76,13,0.32436106,0.25536713,4.876175025777284,3.043099085551288,8.37658682857938,14.661910810476234,-0.7567228349239888,0.5494580478650178,0.12157487437718621
77,13,0.28302845,0.2130771,2.4990489403597973,3.537719887830431,12.486870875117772,10.03128101197816,-0.888611136577323,0.5028648026341309,0.14298332534693758
78,13,0.22937168,0.16975768,2.410742014736155,3.905752311804636,15.696639694484748,9.89269118706164,-0.8748762889273483,0.4643566259363562,0.16746801910259237
79,13,0.17592877,0.12908013,1.9050163042726327,4.9230573988993775,24.147099189862548,8.520621569573803,-0.9450591062763953,0.3783870071118365,0.1971465379338259
80,13,0.12557395,0.095503464,2.112112249114065,5.550822491240271,29.4251626603262,8.883395577314516,-0.9643888609381464,0.2530673318741798,0.2257607748139586
81,13,0.08229691,0.07461934,2.593260991455787,5.66322420787014,30.364641958754454,9.826882408090956,-0.9672015941570127,0.12693054534140227,0.24548656102162547
82,13,0.05151305,0.071262695,3.20782124464173,5.719243993688975,30.81400107174769,10.916171066119128,-0.9692641038433097,0.12693054534140227,0.2630040603712793
83,13,0.03777398,0.08478622,3.523378013924878,5.741727369485068,30.98833951566749,11.430101453942855,-0.970902409814786,0.12693054534140227,0.26152239968687524
84,13,0.039792378,0.10399368,3.6351206330259225,5.7464623882420645,31.024185127622587,11.604532571478453,-0.9717792093526821,0.12693054534140227,0.2495271723744591
85,13,0.04740985,0.11313529,3.5713986855858377,5.7468920771959615,31.027401526481412,11.50109450182296,-0.97199250406237,0.12693054534140227,0.24259450571535945
86,13,0.049647484,0.10786028,3.5415791811014703,5.746439647477932,31.02401458984167,11.454302184285218,-0.9717707515379045,0.12693054534140227,0.2449091688252573
87,13,0.04527502,0.09555934,3.599917806420045,5.743967641435147,31.005366605786847,11.551653558306908,-0.9712140362598455,0.12693054534140227,0.2535222494517816
88,13,0.039558437,0.084240735,3.517712567705461,5.736444962583081,30.947869903014144,11.424211481115808,-0.9703712463228873,0.12693054534140227,0.25971127221965606
89,13,0.036404327,0.077155784,3.3914505916294395,5.725348562075964,30.861812984322754,11.222137902115033,-0.9695986843221308,0.12693054534140227,0.2612718794615202
90,14,0.24638535,0.20899668,2.826324895424891,5.312065995525066,27.663689422931753,10.551668845538744,-0.8375161152977,0.4113137785784551,0.13288250882054542
91,14,0.19627436,0.15987536,3.4158210017528425,5.023995028246802,25.297604346298684,11.647422371447728,-0.8564598695584026,0.4643566259363562,0.09199989989981938
92,14,0.14936735,0.11576052,3.893950375909922,4.481395524280974,20.787765195557554,12.585778939697096,-0.8476263352381865,0.6576367630153047,0.08145808780538563
93,14,0.10801363,0.078752816,3.6964232841694393,3.5301466772513272,12.997408917135685,12.524586419376151,-0.8295744741681497,0.8087022713195998,0.09356273603619333
94,14,0.07499067,0.052720975,3.418771340385898,2.8952510578608686,8.045634315075743,12.215591054278537,-0.8193490171143157,0.8617451186775009,0.09894032321131363
95,14,0.053935993,0.040474378,2.40965538165008,2.6325727353118507,6.207126984308546,10.301827048547757,-0.8196836509739449,0.7939587220159009,0.10194044322723883
96,14,0.046191413,0.04007506,1.263972553529293,3.0772867012681355,9.008492799319324,7.318042842451456,-0.8424592795486621,0.5879662245627927,0.10032584369068477
97,14,0.047320634,0.043570865,0.7706786678187862,3.5453334772732803,12.535118405630081,5.6424537188655615,-0.8579879555680564,0.3783870071118365,0.09635657186755496
98,14,0.049054522,0.043669693,0.4916774623585116,4.042569171239259,15.959409630135873,4.431756628306387,-0.8812303152595363,0.2530673318741798,0.08644768433563536
99,14,0.046595763,0.039644662,0.3293388892395366,4.39368456561543,18.738554972928174,3.572401913421442,-0.9179636914016618,0.2530673318741798,0.07592651784057974
100,14,0.041239772,0.034710024,0.2192642232745248,4.563687942729131,20.356026991563915,2.90234120654909,-0.9319664256612471,0.2530673318741798,0.06424323278947876
101,14,0.036278,0.031392526,0.12371373682553341,4.723448552279256,21.93436980496524,2.1745808973924006,-0.9414176297821657,0.12693054534140227,0.05057830717271544
102,14,0.033447515,0.03003268,0.055252289309191314,4.980694039298292,24.39355631117639,1.4499381221408314,-0.9460299602201,0.12693054534140227,0.03525589641032998
103,14,0.032443773,0.02966694,0.016973570381790794,5.584276336535679,29.722877052251427,0.7974715381745116,-0.9581697805434265,0.0,0.021439299350688158
104,14,0.03213204,0.02930972,0.003521065609055416,4.634256143661721,20.859864103482206,0.3653193780558009,-0.9534470396887175,0.0,0.009371681967064742
105,2,0.24276294,0.22137141,10.519499350722782,3.808904322064082,15.298268395070373,21.24609753462723,-0.7538269533214395,0.7491877870709805,0.12272182385262295
106,2,0.18024005,0.15674096,21.11001541949788,3.5400253348128405,14.09569292112521,31.577320239008372,-0.6906580176264665,1.4874729961436945,0.1537271346360046
107,2,0.12639952,0.099826805,12.71845767589803,2.424499738363668,5.961198149912027,25.392944537517177,-0.6762435687509576,1.4874729961436945,0.18548001585788906
108,2,0.084298335,0.060341854,8.05989157000681,2.5506537350118084,5.855350921632779,20.603311230476525,-0.6100354161103967,1.3286264838685313,0.24116514967722225
109,2,0.063708715,0.044271074,9.794300238028953,2.9136057711251135,8.610374289718841,21.53271385314596,-0.7148382433911145,1.351394330255479,0.2960663049105738
110,2,0.06060183,0.040246867,12.361309548650386,2.963040843868538,8.983099143008278,24.02764930876353,-0.7281180450357266,1.351394330255479,0.33932256230590707
111,2,0.058699578,0.034455836,17.280083875202752,2.7613764970710384,7.375967893136803,28.26935263362917,-0.7488934861862326,1.3069412193797083,0.37371050572840636
112,2,0.05020223,0.026738713,20.65207441094477,2.745947283916277,7.003656251743603,30.591028414072156,-0.7712213527681998,1.253898372021807,0.39515850464754637
113,2,0.040891286,0.022214841,22.903438951800624,2.8914212874069483,7.823710664988072,31.999233844900242,-0.7825517422570973,1.296194615179048,0.40251568492477136
114,2,0.0360143,0.021533985,23.291038243551863,3.081362628055453,8.926992626942214,32.021825286485615,-0.7883063710335362,1.3492374625369492,0.40577152711310616
115,2,0.03466266,0.021938687,24.17790634294388,3.1787958169360193,9.578354171740282,32.5214851714806,-0.7919551690270508,1.179621127068634,0.41244220248503605
116,2,0.034267116,0.02127552,22.11240369536494,3.339925497266654,10.53429203169799,30.75628831718708,-0.8053672451091334,1.1171394443332108,0.42352991831232945
117,2,0.03322282,0.019259673,22.052470286084695,3.3523177419226435,10.753968999797964,30.69540510606509,-0.8067658742295476,0.996116758859539,0.43787501209185975
118,2,0.031325895,0.016884552,20.670423658853835,3.473146842241692,11.81704427897271,29.65895093467434,-0.8090788264105775,0.9961167588595389,0.4522799258472101
119,2,0.02922765,0.015197294,21.088048669573073,3.5128779809685873,12.470695125678958,30.122601141762537,-0.7976259440441801,1.117139444333211,0.46430482294875947
120,20,0.28863588,0.2974403,9.123167755186202,5.328689813071051,27.73454302914118,18.792720476930484,-0.8892398955581835,0.5349233772048916,0.05591658938520336
121,20,0.22267537,0.22523916,2.6114666032221283,2.3610269450536894,4.58033129532881,10.67969799873953,-0.8369129640103502,0.9191004054639895,0.0636174090626633
122,20,0.16494559,0.15704808,1.5258062801313976,2.898383460554022,7.296194558201998,7.953554319265087,-0.874898185201932,0.5879662245627927,0.08646513732514163
123,20,0.110349655,0.09389973,1.5278646026396916,2.9361672704157327,6.79456822343859,7.877941965250014,-0.8828669090867928,0.2868359830561607,0.10981181843761376
124,20,0.064868,0.04957674,1.867570529902217,3.01934406360884,7.437229964691101,8.697110811284038,-0.8871139304072609,0.33987883041406175,0.12437271274003704
125,20,0.040813986,0.032267325,2.349684501394162,3.109620639008773,8.226606441686444,9.737303242790057,-0.8953132035389675,0.3783870071118365,0.14173587603643498
126,20,0.039507363,0.034281865,2.8695339955773163,3.1357883364645,8.471947936324113,10.773764545387792,-0.893144261516262,0.3783870071118365,0.15664861680285178
127,20,0.045858134,0.036191747,3.169795873473611,3.145233502498995,8.573316662403588,11.333667532487299,-0.8914145745891762,0.549458047865018,0.16461070224026036
128,20,0.044463973,0.031968795,3.23993644138351,3.156810801681558,8.66385735187155,11.460501860409135,-0.8907030925718427,0.549458047865018,0.16707452509104156
129,20,0.036195982,0.027874485,3.211359596968794,3.1765515550772014,8.831102218883835,11.409170699068921,-0.8912857276953983,0.549458047865018,0.16687396950770841
130,20,0.028829748,0.028175116,3.104085369652443,3.204070237101797,9.064659580336512,11.213335092449473,-0.892112652711244,0.5879662245627927,0.16721259361477192
131,20,0.025977252,0.031571917,3.080706687411185,3.2392156680944173,9.392144470301812,11.170706503966981,-0.8922799954574194,0.5879662245627927,0.1716122933957118
132,20,0.026270969,0.034742318,3.1481838780143363,3.2826968248423984,9.793052266893657,11.292039953462451,-0.8921638753476557,0.5879662245627927,0.17691384401096327
133,20,0.027040271,0.035605602,3.2948936939171634,3.3365176863567867,10.267751042373478,11.5496364114004,-0.8919805131246916,0.5879662245627927,0.1834149284957406
134,20,0.026821831,0.03407243,3.5047330988074346,3.4016737084425515,10.817860471157585,11.904118154184859,-0.8924690012434795,0.5879662245627927,0.19069479911321666
135,21,0.36761895,0.30667704,4.121150885971043,1.8971089598206092,2.5415232291248886,14.016821591465598,-0.7706334017347312,0.9684079964603065,0.08461736954387528
136,21,0.326563,0.25656965,1.1309352681662665,2.229361758254786,3.313294185004392,6.988498942153451,-0.8390074610374167,0.49641520050711685,0.03006919982623411
137,21,0.2685453,0.20330136,0.2649792166995248,3.4459450187908036,10.660343451522825,3.257321518760037,-0.8985144809974646,0.2145591551764051,0.043793050986380984
138,21,0.20982869,0.15131721,0.5191207748086277,4.033502547032949,15.37019842632743,4.482000811498443,-0.9343135684635313,0.2530673318741798,0.08329619925913363
139,21,0.15281683,0.1019217,0.9991249951202735,4.345942793359486,18.45583901870014,6.203805766273937,-0.9375499029358944,0.2530673318741798,0.13223808637530246
140,21,0.09939254,0.06062786,1.7016989506296423,4.593218874234592,20.793767810137957,8.077132190330596,-0.9409440780219582,0.2530673318741798,0.17679874775017987
141,21,0.055401918,0.033600014,2.8222116973294025,4.705922294011132,21.902371975128574,10.39546367795606,-0.9414407666768277,0.2530673318741798,0.21649629057019948
142,21,0.027016044,0.025244456,3.823549856750282,4.8681684080229815,23.343995897162266,12.071567244643344,-0.9453933787544725,0.2530673318741798,0.240412943332546
143,21,0.017634405,0.03331075,4.615205888712832,4.943728632260611,24.025063911644924,13.248742221198674,-0.947170798362579,0.2530673318741798,0.2495859886795982
144,21,0.02296544,0.045614395,5.223130030336976,4.992395033966407,24.478576064380075,14.088071753442824,-0.947781683831762,0.2530673318741798,0.25502488001405577
145,21,0.030663043,0.049276,5.788709633367758,5.029758983618086,24.82284168978215,14.82555791473305,-0.9483474854319741,0.2530673318741798,0.2630910884041793
146,21,0.031265493,0.04305495,6.32964053669697,5.061297084410107,25.11498810381474,15.498407988275833,-0.9487204630126109,0.2530673318741798,0.27402713762525177
147,21,0.025777094,0.033756603,6.610026802774335,5.02955670762726,24.840562204669645,15.847337478422878,-0.9475719478404044,0.2530673318741798,0.28696406862547896
148,21,0.01987649,0.02701195,6.772131804447141,5.047675189062983,25.012425168583505,16.038934253959592,-0.9476132260523756,0.2530673318741798,0.2970122377725934
149,21,0.01689006,0.024074683,6.7914848257040825,5.013496048665397,24.712517478428413,16.07051109186818,-0.9466365383581,0.4643566259363562,0.3047497037475383
150,22,0.3106276,0.29982445,21.204622234649385,4.510620823415997,21.054589164290128,29.12216471908082,-0.8794302827284304,0.9147879660354019,0.13042547046500652
151,22,0.27005622,0.2538891,12.196503769327434,4.936943776392914,24.146648454324524,21.553173473822984,-0.9463841290076282,0.3783870071118365,0.1988385760092045
152,22,0.22396003,0.2046016,8.352235571200751,3.943573123996779,15.414421803452491,17.989084737876983,-0.9334110693253239,0.33987883041406175,0.23358815212127632
153,22,0.17579697,0.15549064,8.060459144080372,3.70569856028519,13.261028689836042,17.704010686099643,-0.9307413945927787,0.33987883041406175,0.27117216954604406
154,22,0.1286599,0.111073375,7.9897708896699005,4.12713332394344,16.633456649463366,17.547943018005764,-0.9397398282149969,0.3783870071118365,0.32406099739944433
155,22,0.08774362,0.07772937,9.527553945528398,4.28279615073606,17.56247531969729,19.09369195158497,-0.9454440351672186,0.3783870071118365,0.3887549407158421
156,22,0.059096575,0.061463106,12.84732065911161,4.238276353149373,17.00269575267325,22.192414143142944,-0.9418112861289757,0.3783870071118365,0.43579552122941606
157,22,0.047056217,0.06316216,16.62793417555967,4.257212726842438,17.252937243214014,25.29052113800166,-0.9364290619962747,0.3783870071118365,0.4643537648514368
158,22,0.049369436,0.07288776,19.092403469819956,4.383189047553814,18.590686533649553,27.09965913932435,-0.9356964803969222,0.3783870071118365,0.4873781676520867
159,22,0.05497353,0.07626981,20.8850919537365,4.3972787367755926,18.811220126629625,28.35387631289121,-0.9356649629695379,0.3783870071118365,0.4997995751438971
160,22,0.054366622,0.071052894,21.492335059313856,4.333852886027105,18.23633407406397,28.775841325875874,-0.9363617386515203,0.3783870071118365,0.5035099907778587
161,22,0.048706513,0.06374394,20.72469305271399,4.271810349068756,17.773635389738747,28.287112194454124,-0.9354672005351301,0.3783870071118365,0.5030713763113659
162,22,0.04317373,0.059016038,19.3972575249822,4.204475063237258,17.427296986465276,27.40900072537341,-0.9335822331428831,0.3783870071118365,0.5010491509056373
163,22,0.04056702,0.05748735,18.838245386897736,4.011886989277631,15.993924617038719,27.070993227028623,-0.930073355310103,0.3783870071118365,0.500088871406632
164,22,0.040417835,0.057468943,19.356149505535793,3.7982526413397326,14.132557731279473,27.48316590304496,-0.9270553172751455,0.3783870071118365,0.5006336639718123
165,23,0.34256998,0.30679932,0.19954470100375604,4.208450002516058,17.748026495510018,2.813336580379846,-0.8953235146134126,0.2530673318741798,0.04033645887012602
166,23,0.34256998,0.30679932,0.19954470100375604,4.208450002516058,17.748026495510018,2.813336580379846,-0.8953235146134126,0.2530673318741798,0.04033645887012602
167,23,0.34256998,0.30679932,0.19954470100375604,4.208450002516058,17.748026495510018,2.813336580379846,-0.8953235146134126,0.2530673318741798,0.04033645887012602
168,23,0.34256998,0.30679932,0.19954470100375604,4.208450002516058,17.748026495510018,2.813336580379846,-0.8953235146134126,0.2530673318741798,0.04033645887012602
169,23,0.34256998,0.30679932,0.19954470100375604,4.208450002516058,17.748026495510018,2.813336580379846,-0.8953235146134126,0.2530673318741798,0.04033645887012602
170,23,0.34256998,0.30679932,0.19954470100375604,4.208450002516058,17.748026495510018,2.813336580379846,-0.8953235146134126,0.2530673318741798,0.04033645887012602
171,23,0.34256998,0.30679932,0.19954470100375604,4.208450002516058,17.748026495510018,2.813336580379846,-0.8953235146134126,0.2530673318741798,0.04033645887012602
172,23,0.34256998,0.30679932,0.19954470100375604,4.208450002516058,17.748026495510018,2.813336580379846,-0.8953235146134126,0.2530673318741798,0.04033645887012602
173,23,0.34256998,0.30679932,0.19954470100375604,4.208450002516058,17.748026495510018,2.813336580379846,-0.8953235146134126,0.2530673318741798,0.04033645887012602
174,23,0.34256998,0.30679932,0.19954470100375604,4.208450002516058,17.748026495510018,2.813336580379846,-0.8953235146134126,0.2530673318741798,0.04033645887012602
175,23,0.34256998,0.30679932,0.19954470100375604,4.208450002516058,17.748026495510018,2.813336580379846,-0.8953235146134126,0.2530673318741798,0.04033645887012602
176,23,0.34256998,0.30679932,0.19954470100375604,4.208450002516058,17.748026495510018,2.813336580379846,-0.8953235146134126,0.2530673318741798,0.04033645887012602
177,23,0.34256998,0.30679932,0.19954470100375604,4.208450002516058,17.748026495510018,2.813336580379846,-0.8953235146134126,0.2530673318741798,0.04033645887012602
178,23,0.34256998,0.30679932,0.19954470100375604,4.208450002516058,17.748026495510018,2.813336580379846,-0.8953235146134126,0.2530673318741798,0.04033645887012602
179,23,0.34256998,0.30679932,0.19954470100375604,4.208450002516058,17.748026495510018,2.813336580379846,-0.8953235146134126,0.2530673318741798,0.04033645887012602
180,24,0.33971226,0.23791365,14.58113917284418,4.8935247279025695,23.761737939600387,23.754146197074395,-0.9086089684213661,0.5028648026341309,0.1320823074549857
181,24,0.267518,0.16786763,6.736087465110798,3.926626494748374,15.500546064205892,16.466770624724997,-0.8835668009029591,0.6576367630153047,0.17202909096818875
182,24,0.18578596,0.09780811,6.11162473363513,3.432775942646116,11.574031472811,15.872253658136644,-0.8676096317921712,0.7106796103732058,0.21095651943155425
183,24,0.10875753,0.042463094,7.290244154219134,3.292037161885349,10.552349966314315,17.47847676307215,-0.8470703610306862,0.8377716126398524,0.26070463746217326
184,24,0.05165127,0.015951652,10.561043516020103,3.0829018386467575,9.17771761940547,21.39683333356614,-0.8094615774214757,1.1276816299883623,0.31660533971209054
185,24,0.028120058,0.0229292,14.875681543652096,2.9821412005117094,8.613559720965007,25.667591060676457,-0.7880350838458723,1.2411080839522164,0.37333998790193534
186,24,0.035581965,0.041415513,18.929637293447215,2.9701997922768943,8.627678574492512,29.06688020666685,-0.7799637900572909,1.3801087571572686,0.41526982673539753
187,24,0.046047743,0.04297371,21.276143307419165,2.995912140930978,8.858249675138257,30.82123478861442,-0.7793960235409471,1.428055769232565,0.4373245820172112
188,24,0.040335443,0.029718652,21.599305198203258,3.0642164159263348,9.356135719843085,30.970873717850022,-0.782589358459017,1.4280557692325653,0.4413733778041403
189,24,0.027298687,0.017069798,21.272031610676006,3.1236872321944404,9.79438883123707,30.657901874133795,-0.7856866028409196,1.4280557692325653,0.4333750184182429
190,24,0.019488553,0.0117727015,21.141754995076198,3.1841140887522275,10.245159927325446,30.493377934503698,-0.7884906837143807,1.3801087571572688,0.4252462479798886
191,24,0.018834248,0.01145217,21.58464939340864,3.225730136194625,10.566955615698067,30.771002030304967,-0.7900103359363901,1.341600580459494,0.42296903346117415
192,24,0.020692537,0.011997332,22.60575497981467,3.2387042605212177,10.679602571116789,31.487138629838704,-0.7900361743778482,1.4280557692325653,0.42805994734375047
193,24,0.02111604,0.011782682,24.07456802434632,3.2270491341356458,10.605613787523477,32.51869082923157,-0.789103618812689,1.3895475925347909,0.43955035678172083
194,24,0.019477678,0.01151764,25.8713203808898,3.195476660566102,10.380160486243346,33.758572582256775,-0.7875021535178852,1.3895475925347904,0.4550428506377744
195,25,0.15999644,0.1083655,12.75093682381151,1.9801489703040493,3.6616214786953787,24.90215279717279,-0.7534840627523903,0.9848654857049317,0.13160343172138003
196,25,0.12525699,0.081352875,8.330654686378459,2.3706754080220933,6.065592386794769,20.380174992498915,-0.7151454960345327,1.1952047557458503,0.17923560429463756
197,25,0.09008089,0.05457729,4.07396686101698,3.6572676182482,13.962682784615325,12.997311379624362,-0.843730287656478,0.4643566259363562,0.23348872689050912
198,25,0.05556335,0.035563804,4.676165033717223,3.9641502574478102,16.396466870629574,13.743831249692969,-0.8749790864977899,0.4643566259363562,0.2868706980508506
199,25,0.032257278,0.035441495,6.692043225399824,4.008258707599975,16.805730900978418,16.497786801521844,-0.8608009010766386,0.4643566259363561,0.3216342363665003
200,25,0.029775357,0.049931567,8.701186693136995,4.038597926811487,17.097770366420786,18.872514514348858,-0.84677833256257,0.4643566259363561,0.34402478023656025
201,25,0.037698347,0.05368218,9.05823724387458,4.102980321963213,17.58579459758342,19.193561145149808,-0.854240658998317,0.4643566259363561,0.3487059896449304
202,25,0.036632188,0.04496962,8.226521324438286,4.1660677288885415,18.03442109816651,18.195656116075313,-0.8706879233581377,0.4643566259363561,0.34306623408036097
203,25,0.030062014,0.03614927,7.138415896709627,4.1563414957247025,17.820503229088988,16.870542920304104,-0.8895935956135896,0.4643566259363562,0.3308895877134427
204,25,0.026391998,0.031984072,6.500733682342243,4.055632548708435,16.67078467399693,16.04889869428179,-0.903501689656943,0.4643566259363562,0.318483405500548
205,25,0.02637997,0.030835804,6.853904493109265,3.8590464419712287,14.524224766134544,16.566091201881026,-0.8801599003335352,0.5028648026341309,0.31013582496109315
206,25,0.027212031,0.030469513,6.927990409347499,3.7900843350882876,13.427660609965887,16.500506340436853,-0.9179230262412955,0.4643566259363562,0.3075334952885138
207,25,0.027095655,0.030108044,7.645779517063935,3.75330904148191,12.8193538701312,17.31696757030026,-0.9184729969912142,0.4643566259363562,0.3098956265667672
208,25,0.026010938,0.030020658,8.371234638069716,3.763244380325749,12.765484981637366,18.103972773306698,-0.9190414505665516,0.5028648026341309,0.315714114306906
209,25,0.024807103,0.03054803,9.021233463020005,3.7886784465476624,12.906630593674738,18.776798368288947,-0.9200378789785371,0.5028648026341309,0.32262274985143363
210,26,0.2771397,0.27414957,5.894667009413337,2.23648933025723,3.788761455500185,16.56247110476326,-0.7649746582041237,0.9815820881994127,0.1020392227225891
211,26,0.23437186,0.22288008,0.8683908837504682,2.4336942775637436,4.951088587033038,6.192634533529846,-0.8216006768689517,0.61912858631753,0.10478424840706442
212,26,0.18709545,0.1670632,1.349905221222215,2.9751170933350157,8.20664199839624,7.556903755765445,-0.8500512180138053,0.6474420320178254,0.07168333805498624
213,26,0.13856013,0.11334654,1.783571481818283,3.250132661581513,10.21552526180147,8.620405494369912,-0.8617619926743777,0.6474420320178254,0.10318572473202231
214,26,0.096099906,0.07107119,2.204904279887089,3.4171725174020224,11.450811497584288,9.54487522302299,-0.8675129139474826,0.6474420320178254,0.13039836994269863
215,26,0.068564184,0.048809484,2.6110654112731635,3.447790472894084,11.685375465376808,10.382252096624251,-0.8678127279400312,0.7169423686203514,0.1499581950810516
216,26,0.061333556,0.046267368,3.006306714949927,3.5480515172445717,12.46043761152826,11.11480803160365,-0.8702313583634883,0.7169423686203514,0.16486083352264078
217,26,0.06690416,0.049653675,3.2019531751221453,3.646969000923266,13.198891371514812,11.44222947587254,-0.8731294915251067,0.7169423686203514,0.17282752206790622
218,26,0.069615535,0.04771028,3.2113487802160923,3.7729294179790163,14.169946906712308,11.42237031021277,-0.8770225939213931,0.6474420320178254,0.174203918009602
219,26,0.064256996,0.042776577,3.1431859317210233,3.901844980992745,15.20390715794045,11.265763648381517,-0.8806286077499381,0.5349233772048916,0.17033831138510622
220,26,0.05665948,0.040257797,3.0513462543159995,3.9846968698271135,15.937949795025599,11.081349509724657,-0.8835243448165186,0.5349233772048916,0.16616394355861
221,26,0.05209474,0.04124167,2.8970018789736836,3.982271167705318,16.06002229157526,10.806110356242852,-0.8828061166320362,0.5349233772048916,0.1631153183735026
222,26,0.05106305,0.04349819,2.8700789985061492,4.035075310409835,16.61521485526974,10.741238283528785,-0.8866582854087425,0.5349233772048916,0.1617210183962948
223,26,0.05146578,0.044672914,2.884733537083698,4.068351695291255,16.95253508123919,10.762863483553499,-0.8883820412543865,0.5349233772048916,0.16130186124725565
224,26,0.051475365,0.044263475,2.9083299312644866,4.077785048884622,17.088585876452633,10.806677278909492,-0.8890346017945878,0.5879662245627927,0.1605028911939541
225,27,0.31655884,0.34364015,13.22496131331719,2.8619699875510634,6.99245137979096,23.802842113158004,-0.7991430815182234,0.8881082455592382,0.07882767461653335
226,27,0.31655884,0.34364015,13.22496131331719,2.8619699875510634,6.99245137979096,23.802842113158004,-0.7991430815182234,0.8881082455592382,0.07882767461653335
227,27,0.31655884,0.34364015,13.22496131331719,2.8619699875510634,6.99245137979096,23.802842113158004,-0.7991430815182234,0.8881082455592382,0.07882767461653335
228,27,0.31655884,0.34364015,13.22496131331719,2.8619699875510634,6.99245137979096,23.802842113158004,-0.7991430815182234,0.8881082455592382,0.07882767461653335
229,27,0.31655884,0.34364015,13.22496131331719,2.8619699875510634,6.99245137979096,23.802842113158004,-0.7991430815182234,0.8881082455592382,0.07882767461653335
230,27,0.31655884,0.34364015,13.22496131331719,2.8619699875510634,6.99245137979096,23.802842113158004,-0.7991430815182234,0.8881082455592382,0.07882767461653335
231,27,0.31655884,0.34364015,13.22496131331719,2.8619699875510634,6.99245137979096,23.802842113158004,-0.7991430815182234,0.8881082455592382,0.07882767461653335
232,27,0.31655884,0.34364015,13.22496131331719,2.8619699875510634,6.99245137979096,23.802842113158004,-0.7991430815182234,0.8881082455592382,0.07882767461653335
233,27,0.31655884,0.34364015,13.22496131331719,2.8619699875510634,6.99245137979096,23.802842113158004,-0.7991430815182234,0.8881082455592382,0.07882767461653335
234,27,0.31655884,0.34364015,13.22496131331719,2.8619699875510634,6.99245137979096,23.802842113158004,-0.7991430815182234,0.8881082455592382,0.07882767461653335
235,27,0.31655884,0.34364015,13.22496131331719,2.8619699875510634,6.99245137979096,23.802842113158004,-0.7991430815182234,0.8881082455592382,0.07882767461653335
236,27,0.31655884,0.34364015,13.22496131331719,2.8619699875510634,6.99245137979096,23.802842113158004,-0.7991430815182234,0.8881082455592382,0.07882767461653335
237,27,0.31655884,0.34364015,13.22496131331719,2.8619699875510634,6.99245137979096,23.802842113158004,-0.7991430815182234,0.8881082455592382,0.07882767461653335
238,27,0.31655884,0.34364015,13.22496131331719,2.8619699875510634,6.99245137979096,23.802842113158004,-0.7991430815182234,0.8881082455592382,0.07882767461653335
239,27,0.31655884,0.34364015,13.22496131331719,2.8619699875510634,6.99245137979096,23.802842113158004,-0.7991430815182234,0.8881082455592382,0.07882767461653335
240,28,0.24076366,0.15535942,6.632254320675736,3.985943539532919,15.838542891842746,16.32016587891187,-0.8777071180896642,0.6576367630153047,0.07850930557064063
241,28,0.18411052,0.11137943,2.950333175328415,3.114202741205673,8.86294828299432,11.221625465498374,-0.8212473367408626,0.6576367630153047,0.1153020581208245
242,28,0.12916648,0.08052175,3.4251343312678286,3.2113561273871403,10.635571160504663,12.267632575001853,-0.7901463563974163,0.6721714336754311,0.1584683962944111
243,28,0.08691778,0.0734633,4.811353454328996,3.390620419187263,12.303839812740604,14.56268423700382,-0.7852586432924238,0.8377716126398524,0.2051037696702012
244,28,0.067733325,0.09399197,6.199931261236474,3.4546706257712114,12.841035355532677,16.542619765921096,-0.7819389582813381,1.0379083330628325,0.24603342098420292
245,28,0.071148805,0.11437313,6.783068032373014,3.493129096175414,13.082343413911822,17.260226932533588,-0.7861370915685971,1.0379083330628325,0.26412965868280197
246,28,0.07562846,0.10971878,6.153868049996969,3.5425766371855785,13.336826149825797,16.35563969165906,-0.7939868544010489,0.8377716126398524,0.2586331787045509
247,28,0.06920684,0.090736575,5.127014832883628,3.5268205126150303,13.054208135121701,14.858394423966486,-0.803174769312141,0.8377716126398524,0.24042461757711125
248,28,0.059995685,0.07376879,4.2746348962353435,3.4284601026869894,12.028373120467394,13.508378116391034,-0.8144999923017999,0.6721714336754311,0.2173807646413204
249,28,0.05505864,0.06406782,3.6339763474138405,3.361192942395923,11.107341803498622,12.367589061543269,-0.8321618897209931,0.5028648026341309,0.19748920884140517
250,28,0.053897988,0.059577264,3.0792773542977088,3.2930904072366967,10.10708626788259,11.277757341868089,-0.8569235810742019,0.5028648026341309,0.1850110227562352
251,28,0.053355593,0.057525016,3.0555099770176906,3.319337151817809,9.944653951647435,11.160014985387335,-0.8728024718799093,0.5028648026341309,0.18091758964449042
252,28,0.051694553,0.0567787,3.166570714584371,3.3859008157902566,10.237243555185659,11.320126774862185,-0.8780331139127036,0.4643566259363562,0.18408986047815948
253,28,0.049097806,0.057259392,3.2780423332073205,3.471073306003303,10.715885170079673,11.432046721888847,-0.9000963405546483,0.5028648026341309,0.19140537822912748
254,28,0.046564877,0.058680464,3.5234940203104417,3.537914244044931,11.104399906847908,11.820976878958165,-0.9044602078402459,0.3783870071118365,0.2005069010071026
255,29,0.32037443,0.26085624,0.5134254823903626,2.334022893747179,4.418657112286011,4.784492731492775,-0.8119957047395299,0.49641520050711685,0.02236813654605656
256,29,0.26835012,0.20613618,4.776220510502365,1.6185111098360985,1.851929980342482,15.728113623563274,-0.7166549575690695,1.3094667833149471,0.03471695192573178
257,29,0.21406238,0.15232307,2.0296371953963193,2.239373812449199,4.395434232463361,9.942254195402457,-0.731113490840726,0.9642100878197414,0.057154673302662246
258,29,0.16121762,0.10268462,1.9021140893346842,3.1375731259440256,9.113570930604995,8.930936511670167,-0.8536341228050791,0.6784341919225767,0.09821567642306354
259,29,0.11324642,0.062153317,2.974961455625129,3.1824133129606764,9.710731189330472,11.169415482764,-0.8558552282469911,0.7169423686203514,0.14072723537066223
260,29,0.0750662,0.037912477,4.106702229988375,3.3437176123996277,11.249473180746294,13.045296539878025,-0.8699569778937999,0.7939587220159008,0.1848273482248812
261,29,0.054190356,0.036021102,5.809133129294135,3.353770004166594,11.564297096646124,15.518207078311084,-0.8705930999834335,0.7939587220159009,0.21589856812557642
262,29,0.05283079,0.047566388,7.166302295209866,3.450878636261623,12.48881999299785,17.22602229307781,-0.8698609204997836,0.7939587220159009,0.23709711093352917
263,29,0.060130358,0.05284848,7.649643204028296,3.648045116899905,14.160878047770925,17.740107337364947,-0.8724919503534496,0.7939587220159009,0.24965913032009338
264,29,0.060926523,0.047016717,7.243956111611979,3.919173193569591,16.396946253603854,17.175315639810808,-0.8774111318962305,0.7939587220159009,0.2551577740078558
265,29,0.054973647,0.038055893,6.337541065543874,4.249717126288921,19.110047576851155,15.979550073507207,-0.8813749982363107,0.7409158746579998,0.2563656915135344
266,29,0.049030658,0.032552976,5.0735107890347635,4.706103137336416,22.77198054900405,14.163716718095877,-0.8930429560193722,0.5349233772048916,0.25534375823229066
267,29,0.04629912,0.03003417,4.063713798534606,5.140016168959737,26.24895316420693,12.570651188027316,-0.9015103649644164,0.5349233772048916,0.2558760695625667
268,29,0.045438483,0.02923733,3.8545920421201654,5.285398894369096,27.43744050355401,12.209749999855442,-0.9023772830630645,0.47244169446946843,0.25519613946352004
269,29,0.045189887,0.028908456,3.4968129365092473,5.549696398263469,29.51144800728097,11.525822866656702,-0.923291906691418,0.2530673318741798,0.25724348327875196
270,30,0.26742837,0.26670378,3.208478911901548,4.528156385270835,19.99116330930061,11.11890292771697,-0.9233069537035536,0.2530673318741798,0.1739135901324466
271,30,0.20836632,0.20698221,3.988886413540809,4.439797889280194,19.089372219072306,12.36033432776217,-0.9419993140831324,0.2530673318741798,0.2198055932396151
272,30,0.15544832,0.1502122,5.331675540721015,4.390050452673862,18.642192601785908,14.301492511097655,-0.9407927565853503,0.2530673318741798,0.27261398309204204
273,30,0.10765705,0.10090427,7.317761925320779,4.367288348855003,18.483161616568445,16.76714223071542,-0.9395918537548441,0.4643566259363562,0.32821488084284456
274,30,0.06978627,0.06424494,9.674315811598332,4.463040851247204,19.471518670528926,19.27225969765848,-0.9399278464171187,0.4643566259363562,0.3747760024238842
275,30,0.046435785,0.043949984,12.254358138131126,4.617165661277313,20.989317060618056,21.668421527097802,-0.9411688672456937,0.4643566259363562,0.41169734571979527
276,30,0.039289203,0.03872203,13.935353060104651,4.794141247385741,22.641137100625098,23.06346338601973,-0.9439901242709106,0.4643566259363562,0.43014350427891335
277,30,0.04357953,0.040571295,15.055678813641954,4.945300641855494,24.031013736264313,23.929941420391476,-0.9468270430257502,0.4643566259363562,0.4423069271868091
278,30,0.049262617,0.04110638,15.794861665951979,5.0603508444811585,25.09433119208041,24.48176173363252,-0.9485407054036523,0.4643566259363562,0.45484501379770925
279,30,0.04951566,0.03860732,16.123213809076137,5.1491361348997975,25.912726431937017,24.715355094923503,-0.9495476093945341,0.4643566259363562,0.46894444797988816
280,30,0.045149747,0.03596642,15.80578100939949,5.234582841393057,26.68468306150498,24.448426708054754,-0.95087185619232,0.4643566259363562,0.4803460708565034
281,30,0.0402301,0.035484303,15.148279807859357,5.298028232435823,27.25004304745707,23.916575430398677,-0.952012859507412,0.4643566259363562,0.48587239219828676
282,30,0.037278585,0.037011243,14.33088473956991,5.371964025368781,27.898080379982353,23.238197342467824,-0.9537991424614399,0.2530673318741798,0.4882670795639119
283,30,0.036304075,0.03899307,13.718759107212014,5.455323823301656,28.61949205010342,22.707150407194007,-0.9561609309803052,0.2530673318741798,0.4904113351892981
284,30,0.0361134,0.040022697,13.552751871404785,5.522082778888618,29.189968918691598,22.54414470921485,-0.9582915436937252,0.2530673318741798,0.4950248691714768
285,31,0.29722464,0.34046274,1.7356974531846927,2.0326771861731725,2.446876466299268,8.728418955899288,-0.8288841915873691,0.5951550802798815,0.043932831357089995
286,31,0.24020731,0.2737775,1.1226535750149742,2.2341579546392287,3.282107462253987,6.884439214144023,-0.8638962627371185,0.49641520050711685,0.06701855147351564
287,31,0.18242325,0.2009815,1.2705252488637144,2.644256993417321,5.68520329498463,7.280546070047862,-0.8737498113604086,0.549458047865018,0.06911780251450449
288,31,0.12299094,0.13116482,1.506923046811663,3.0305220268579287,8.017276547576486,7.857165580715112,-0.8820320151819501,0.33987883041406175,0.10297187596770015
289,31,0.07307158,0.076746896,1.940174536145962,3.279538457209045,9.752989833323946,8.835096107383052,-0.8946663470873447,0.3783870071118365,0.1512383459837445
290,31,0.043174207,0.04742111,2.7492732996246256,3.429694579399252,11.093425071635734,10.489935599470428,-0.9015062005271016,0.33987883041406175,0.19466007999923843
291,31,0.03803802,0.042380404,3.858345422296255,3.570539691275458,12.425200233754097,12.443332077578285,-0.8961545943317543,0.5879662245627927,0.22716760515876463
292,31,0.047141764,0.045231987,4.817195159308293,3.714468279484454,13.771488364139898,13.918002104592592,-0.8904749924252517,0.549458047865018,0.25013452274187287
293,31,0.05120654,0.043904595,5.268119888384969,3.8672853855565483,15.133288827549698,14.543206981095134,-0.8894424067231781,0.5879662245627927,0.2641325317842792
294,31,0.045299962,0.040943194,5.248247683980214,4.041536587638933,16.60299882878504,14.477787410997783,-0.8932814559667102,0.5879662245627927,0.2713100458093661
295,31,0.03699474,0.041243494,5.039529260276536,4.214214404568799,18.019293220251015,14.142676786740786,-0.8981781961517148,0.5879662245627927,0.27538255997158795
296,31,0.032209855,0.044792596,4.905026122367772,4.36240332140149,19.20719871147793,13.910449060191544,-0.9030127409018718,0.5879662245627927,0.27865604113526926
297,31,0.031127756,0.04852431,4.941997827907173,4.474851636291596,20.08656657666245,13.924634503301169,-0.9075180687623885,0.5879662245627927,0.2828853654208635
298,31,0.03126759,0.04994937,5.173547163455025,4.550091852003216,20.673795813776167,14.218990271856303,-0.9104506470544218,0.5349233772048916,0.28981848248583525
299,31,0.030735398,0.048580013,5.5639687592362925,4.591612585552731,20.989941196425264,14.728460497878483,-0.911600532982095,0.5349233772048916,0.2994656585291009
300,32,0.3894054,0.25836927,8.807869595741318,3.9764422415504983,14.483351147862138,18.410473180242306,-0.9390764323756953,0.3783870071118365,0.1430087611250708
301,32,0.33302605,0.21242015,15.54538555738543,4.218275635121224,16.655164335398666,24.393349944471005,-0.9361892776737794,0.2530673318741798,0.1819166831974502
302,32,0.2746889,0.16600107,8.409932893840177,3.8543093811610225,12.947775215334115,18.025543272302958,-0.926876723555607,0.2530673318741798,0.22732627255703716
303,32,0.21359468,0.11978431,6.119542843534257,4.696257400542546,21.67996677991568,15.3445921974868,-0.9276591777809047,0.2530673318741798,0.2801265375386517
304,32,0.15223674,0.078819886,6.853654839912108,5.338025302554229,27.68742159961883,16.166120830319016,-0.9277349294856562,0.4643566259363562,0.34262952979444405
305,32,0.09654706,0.04956781,9.249220331394463,5.4769003288748594,28.928399025078274,18.78450063279667,-0.9196134786099699,0.4643566259363562,0.39873164272033806
306,32,0.053961486,0.037954133,12.850268816301652,5.323184368866311,27.69907570985439,22.23290346485061,-0.9125897572015368,0.5879662245627926,0.42454594322287037
307,32,0.03117986,0.04756735,16.84942031046232,5.1269348998638735,26.051925778183023,25.52117802240703,-0.9143833637039451,0.5879662245627927,0.43864474648582114
308,32,0.030894937,0.06825119,19.261907340826482,4.948546828083665,24.513141943676473,27.369975737752423,-0.9099536640803927,0.5879662245627926,0.43449366774899206
309,32,0.040484566,0.077144206,19.53586681087829,4.85787177230668,23.709209905496376,27.599670018356147,-0.9084433882666618,0.5879662245627926,0.4216867634422576
310,32,0.042167667,0.06910716,17.98018311093428,4.858522797601954,23.691161636437652,26.460573979196674,-0.9108146469818242,0.5879662245627926,0.4086517726434895
311,32,0.035366457,0.054937713,15.708979880653386,4.890799668075072,23.965643593951093,24.71875846385383,-0.9116037774705613,0.5349233772048916,0.39701102268898536
312,32,0.028271457,0.0434617,13.441910497555238,4.899042913543264,24.03223439824466,22.88766806851828,-0.9063227625164567,0.5349233772048916,0.38567356120630686
313,32,0.025066173,0.036763646,11.548796703598724,4.952704823460174,24.47140398192653,21.190634569723763,-0.907560235663219,0.5879662245627927,0.3736129020963631
314,32,0.02487029,0.033462133,9.955627370936675,5.009143669220914,24.917586751888887,19.643054752689743,-0.909857591814929,0.5349233772048916,0.36219742085082
315,33,0.30241394,0.28681642,6.542927959545796,3.5360879974809256,11.402466905917834,16.17521110249273,-0.8983797954923834,0.5028648026341309,0.09492125792966069
316,33,0.30241394,0.28681642,6.542927959545796,3.5360879974809256,11.402466905917834,16.17521110249273,-0.8983797954923834,0.5028648026341309,0.09492125792966069
317,33,0.30241394,0.28681642,6.542927959545796,3.5360879974809256,11.402466905917834,16.17521110249273,-0.8983797954923834,0.5028648026341309,0.09492125792966069
318,33,0.30241394,0.28681642,6.542927959545796,3.5360879974809256,11.402466905917834,16.17521110249273,-0.8983797954923834,0.5028648026341309,0.09492125792966069
319,33,0.30241394,0.28681642,6.542927959545796,3.5360879974809256,11.402466905917834,16.17521110249273,-0.8983797954923834,0.5028648026341309,0.09492125792966069
320,33,0.30241394,0.28681642,6.542927959545796,3.5360879974809256,11.402466905917834,16.17521110249273,-0.8983797954923834,0.5028648026341309,0.09492125792966069
321,33,0.30241394,0.28681642,6.542927959545796,3.5360879974809256,11.402466905917834,16.17521110249273,-0.8983797954923834,0.5028648026341309,0.09492125792966069
322,33,0.30241394,0.28681642,6.542927959545796,3.5360879974809256,11.402466905917834,16.17521110249273,-0.8983797954923834,0.5028648026341309,0.09492125792966069
323,33,0.30241394,0.28681642,6.542927959545796,3.5360879974809256,11.402466905917834,16.17521110249273,-0.8983797954923834,0.5028648026341309,0.09492125792966069
324,33,0.30241394,0.28681642,6.542927959545796,3.5360879974809256,11.402466905917834,16.17521110249273,-0.8983797954923834,0.5028648026341309,0.09492125792966069
325,33,0.30241394,0.28681642,6.542927959545796,3.5360879974809256,11.402466905917834,16.17521110249273,-0.8983797954923834,0.5028648026341309,0.09492125792966069
326,33,0.30241394,0.28681642,6.542927959545796,3.5360879974809256,11.402466905917834,16.17521110249273,-0.8983797954923834,0.5028648026341309,0.09492125792966069
327,33,0.30241394,0.28681642,6.542927959545796,3.5360879974809256,11.402466905917834,16.17521110249273,-0.8983797954923834,0.5028648026341309,0.09492125792966069
328,33,0.30241394,0.28681642,6.542927959545796,3.5360879974809256,11.402466905917834,16.17521110249273,-0.8983797954923834,0.5028648026341309,0.09492125792966069
329,33,0.30241394,0.28681642,6.542927959545796,3.5360879974809256,11.402466905917834,16.17521110249273,-0.8983797954923834,0.5028648026341309,0.09492125792966069
330,A,0.1938454,0.19985428,10.481074656989264,4.905389009788967,23.967697320929776,20.19215510092525,-0.8843616756091058,0.3783870071118365,0.06346224670498882
331,A,0.15051378,0.1444219,16.183129412997168,5.050738023898864,25.403438410580105,25.10194860712985,-0.8958191003308114,0.6576367630153046,0.10962218969051073
332,A,0.10581782,0.088732466,5.176052675783534,3.5273822361651703,12.704281737678405,14.647387860819517,-0.8583900206751336,0.7106796103732058,0.1260870788226036
333,A,0.06399635,0.042260464,3.335777574843855,2.5968724038193653,5.4853495203448315,12.024512383891736,-0.8304685563070564,0.7106796103732058,0.11962575068640051
334,A,0.034893733,0.021839645,3.52758965259597,2.6012758290453277,5.913962327934524,12.495202682885807,-0.8116712127884929,0.7106796103732057,0.14776390724301425
335,A,0.029355237,0.024555782,4.676268911868836,2.63388743393172,6.501480994543501,14.502983418124,-0.7964072896118142,0.9147879660354019,0.22322203189931833
336,A,0.034808587,0.025575373,5.44342169154965,2.5972781010867307,6.328012308594866,15.75111847124525,-0.7835917345130361,0.999400156365058,0.20467133771413923
337,A,0.032340795,0.019324724,5.785895041973642,2.5696171668991505,6.146805997301087,16.300086779934382,-0.7777061130681375,1.0891734532905877,0.17826939308410045
338,A,0.023819061,0.0149176475,5.939002682284497,2.517971532265603,5.822582161131489,16.581227318387764,-0.7716825382032275,1.0891734532905877,0.16814884250188034
339,A,0.017895652,0.01592907,5.909983952512282,2.499704490492694,5.722000596943394,16.594007177856685,-0.765506509366412,1.1276816299883623,0.1678766733859229
340,A,0.016668936,0.019166201,5.9494250057713804,2.5394101082299443,6.0142415421831235,16.657136522854962,-0.7627602377678895,1.1276816299883623,0.17249677138163008
341,A,0.017399238,0.020926109,6.286967091273697,2.5720798819560096,6.308143959831963,17.11619046757462,-0.76276807746039,1.1276816299883623,0.18037019355141926
342,A,0.017524919,0.020089088,6.998547366126846,2.565714526552279,6.380775965719359,18.073918877655554,-0.76282366349354,1.1567509713086148,0.1911067942349709
343,A,0.016512657,0.017662862,8.116491573252372,2.5202356442306977,6.217640111238259,19.529188701880127,-0.7593750998195816,1.1567509713086148,0.20390190402730418
344,A,0.015168843,0.015261258,9.324663844974117,2.4897464648423164,6.09489536196072,20.97777605686143,-0.7566953499257507,1.3479749600127218,0.21761347821180851
345,B,0.20316803,0.19330302,4.926030867405904,2.0290649541479797,3.8223303765653744,15.918113761424522,-0.6926646430097179,1.1807244773462633,0.09593748187453169
346,B,0.14514364,0.13289446,3.6232506820731505,2.346222911640684,4.509981950531934,13.068132974244985,-0.7322429173861953,0.8324668987136755,0.12001105938955205
347,B,0.089560054,0.07874897,5.730474694277935,2.450180802708915,5.420539479563553,16.63115679439301,-0.71617158003958,1.1556476210309856,0.15114576107103336
348,B,0.046171237,0.04612609,7.848750862519556,2.5587316078698583,6.743493315646672,20.063799860844455,-0.6652254114791016,1.3402940671046804,0.19015694977249264
349,B,0.029682241,0.043591008,9.875673441142654,2.679031608050767,7.592616368881277,22.301049666543314,-0.6798858917323191,1.4903950034605313,0.22511433144042287
350,B,0.037363924,0.049273383,11.650673087501046,2.5302965725282505,6.85802336160044,24.642282467168464,-0.66283277263558,1.5383420155358278,0.23602951304060607
351,B,0.041728377,0.043857,12.5359548901923,2.2823674108891,5.821307765302874,25.943265945403013,-0.6608134099204621,1.600412468611582,0.22543864058699953
352,B,0.033949357,0.035436757,11.955196286821527,1.9368155497253705,4.0011909295519805,26.077989816866975,-0.6359145258538631,1.7714563428144325,0.20423637800879052
353,B,0.02575027,0.032732837,7.526677391688667,2.2115986665608873,4.68362314675915,19.847407308986906,-0.6739790293646477,1.3107292858391744,0.1812942676500154
354,B,0.023495322,0.03446746,5.566368305036535,2.357875209479838,5.024849890112993,16.580722892856215,-0.7117847453743185,1.1634069281539563,0.16335409925580663
355,B,0.02483991,0.035985462,5.089217510569916,2.382642525612079,4.985486095804391,15.583668790268902,-0.7442932624392271,0.9318226383470305,0.15444569468016198
356,B,0.025854573,0.03494408,5.009265374898415,2.391825269447661,4.978792037451951,15.368344879942471,-0.7562812569090424,0.9994001563650579,0.152987734428936
357,B,0.02509961,0.031936076,5.639360381698759,2.3335403439802294,4.825211874087064,16.33239332945116,-0.7597742408848834,0.9318226383470305,0.19731933809029867
358,B,0.023446053,0.028840637,6.306302533931369,2.3337070018638957,4.93028564786611,17.273690678396104,-0.7612442171627871,1.1807244773462633,0.24889336140673918
359,B,0.022285739,0.026939075,6.660540179545084,2.393010426147875,5.274953515214797,17.703436813884476,-0.7642184933630407,1.1807244773462633,0.21635828081682776
360,C,0.19853444,0.2494925,2.3879646017960736,3.9266395215713708,16.319549178033352,10.036339687730836,-0.8065007136992602,0.4643566259363561,0.08212205611026557
361,C,0.16628782,0.19294496,2.8361764297968595,3.9372832929047092,16.061830544086597,10.87888315775867,-0.8144234321857579,0.4643566259363562,0.10928159647838254
362,C,0.12128121,0.13892528,3.1792091207518505,3.8746377066698288,15.226599750259869,11.435025395145203,-0.8351268281354021,0.3783870071118365,0.1451575814816415
363,C,0.08443272,0.09550128,3.9215594013031776,3.7039917459048697,13.752367358602037,12.622425131340668,-0.8740571654005548,0.5879662245627927,0.1723287652728098
364,C,0.06335976,0.07068296,4.388538198710778,3.585894655678114,12.753251490008434,13.341170091006074,-0.8840287363084676,0.5879662245627927,0.19379419014982854
365,C,0.059124548,0.062225956,4.378366202424514,3.4342280302814916,11.418632555317581,13.351728414286077,-0.8816473968046413,0.5879662245627927,0.19781966805695067
366,C,0.06093509,0.059639018,3.8398561111013416,3.3218752420166116,10.385084395149704,12.510225577176953,-0.8812737670602739,0.5879662245627927,0.18403830369151358
367,C,0.05798143,0.057744693,2.9926342568645325,3.2450626327918433,9.601328439133445,11.031075917268673,-0.8837787602527885,0.3783870071118365,0.16043814591462602
368,C,0.05121469,0.057405375,2.0766539971055256,3.119961761909047,8.393548968463241,9.17880685603496,-0.8859609656708151,0.33987883041406175,0.1361602410401855
369,C,0.045613777,0.058980238,1.4040794927528852,2.986255257782824,7.1966154452975175,7.548273576489239,-0.8850443415313266,0.33987883041406175,0.11756586749232271
370,C,0.042997897,0.0611615,0.9829016950232055,2.964832998006346,6.909416473374684,6.2979932031824735,-0.8886283375866149,0.2868359830561607,0.10557937338705667
371,C,0.042042043,0.061763734,0.778872330061922,2.9822708077858553,6.994504748472961,5.59394032783811,-0.8937947695170225,0.2868359830561607,0.09656771873832229
372,C,0.04095426,0.06033046,0.6498592906398873,3.0101338578365997,7.196603375113389,5.101632332750789,-0.8983861086654304,0.33987883041406175,0.09025597928203793
373,C,0.0393768,0.057596076,0.5629121927960101,3.0445824349430834,7.468278542919194,4.742483289753318,-0.9017381820480125,0.33987883041406175,0.08569718129603376
374,C,0.03774012,0.054702215,0.49373954380849217,3.0855901973534787,7.7949257949666535,4.4360587215325555,-0.9047352152329913,0.2868359830561607,0.08186202426838236
375,D,0.28729573,0.20509858,9.326734568851718,4.968033340485743,25.018376518519855,19.336564052448782,-0.846715417998918,0.8232369419797262,0.2134629286046214
376,D,0.22785676,0.14560808,7.9288253822509525,4.779959715566746,23.34925519263855,17.852532750041078,-0.8517375512881793,0.6721714336754311,0.2758533455225247
377,D,0.16045411,0.0884081,9.072857941785777,4.450942954942386,20.469976716979847,19.196402877777995,-0.8459006254522127,0.8933144616492558,0.33534548648593154
378,D,0.097191155,0.047097836,11.806006278230718,4.026161564418863,16.89099251123445,22.142567215262893,-0.831749157038081,0.999400156365058,0.39487575496093985
379,D,0.0528573,0.035978124,15.561065963289703,3.681371039726609,13.99241593087562,25.65471326862921,-0.8199325902095285,1.0379083330628325,0.4312531874559659
380,D,0.04044739,0.054074846,20.465942674210734,3.351534260613208,11.435542453109305,29.79303442429559,-0.8030272935498506,1.2337673247041647,0.44592822328361065
381,D,0.052679274,0.069176294,21.59758804946803,3.122056904405905,9.634082300804955,30.792570515908693,-0.7972041210414026,1.3189056186924693,0.43340049924843743
382,D,0.05954343,0.060831774,19.657272157114896,2.9908301426268316,8.589628709004229,29.410386630001653,-0.7993614529229214,1.3189056186924693,0.4061393936457364
383,D,0.05122158,0.043483246,15.742732053751594,2.9983235450725463,8.41958846738955,26.143695876325808,-0.8122711165422662,1.0379083330628325,0.37132743680685815
384,D,0.041007478,0.03233037,13.454062399498346,2.9345589001777603,7.8745923292317475,24.142393791926136,-0.8167179937567781,0.9147879660354018,0.335272396346539
385,D,0.037301388,0.029115677,11.844827060402173,2.898985138604802,7.56493535553736,22.611372975757813,-0.8225635615158073,0.8762797893376272,0.30474300165622226
386,D,0.03808029,0.0290468,11.070127769224884,2.8684367074611403,7.380519438835849,21.847197226058753,-0.8264691516735377,0.9147879660354019,0.2857651937936547
387,D,0.03869486,0.028622683,11.209249672984875,2.8538987177577098,7.378625473393319,22.01293380960682,-0.8252770146583285,0.9147879660354019,0.2779769323421762
388,D,0.037228405,0.0274954,11.874884956992705,2.8435307820105598,7.418561045418926,22.711844384694796,-0.8210953372878961,0.9147879660354019,0.27675134790677003
389,D,0.034673046,0.026895761,12.647305077880675,2.8393642078758567,7.488760859145232,23.47585631971283,-0.8183161002870831,1.0379083330628327,0.27950166008963895
390,E,0.27373937,0.18781851,10.631736934662253,3.3461303330703123,12.273924902472155,21.69666656576848,-0.7611787739731601,0.9002532953752757,0.13819973494064525
391,E,0.22618191,0.13439563,6.083306834007058,4.154898854627624,18.167150473382076,16.62677248931333,-0.6385063167870229,0.9576085821617643,0.18904435193814956
392,E,0.1721193,0.08425538,6.502306988169153,3.9132322054931064,16.273232465341064,17.136748615612138,-0.6964808746045531,1.0495619263151836,0.23365326234021444
393,E,0.12421163,0.05273246,7.99473102745762,3.707803930691346,14.654246165933824,19.344723803910938,-0.6667390821524197,1.219312564468074,0.2786172933511892
394,E,0.096616186,0.04940261,8.894156387522525,3.625420183186212,13.901291640452705,20.39476887442274,-0.6711624508768181,1.2193125644680738,0.3078093504151232
395,E,0.09273323,0.05611508,8.172860136849526,3.563318714030576,13.300504294419856,19.45268258868587,-0.6854618729866262,1.0796802256525262,0.30556816442257595
396,E,0.09313766,0.05250148,6.5077584038854495,3.532914121621634,12.948100655303094,17.22837289190846,-0.7034226640268558,0.9191004054639895,0.28044654140634767
397,E,0.085446924,0.04139134,4.699461447613992,3.539958982606418,12.91726556927357,14.49301525447669,-0.7280488676128987,0.7794240513557745,0.24467625081677524
398,E,0.07473915,0.03205457,3.8102524978734786,3.5392980329813994,13.02457388725237,13.018482762563668,-0.7355679033277143,0.7409158746579998,0.20756888593914813
399,E,0.067277126,0.027547112,3.286625007930817,3.36138430450246,11.965090786286249,12.094689348137885,-0.7617851523742112,0.7794240513557745,0.17478112066167964
400,E,0.063522875,0.025972297,2.554859029236239,3.239115161219718,11.202362567822345,10.622709081227612,-0.7829247663167038,0.7409158746579998,0.14866245228751115
401,E,0.06106964,0.0250207,1.8983947448207807,3.198474568981319,11.03970012635256,9.094728795270994,-0.8067789137274043,0.7409158746579998,0.12933263148398852
402,E,0.058287214,0.023970287,1.572184806425491,3.163150851874656,10.855020096763953,8.241532692320128,-0.8212868870074235,0.6784341919225767,0.11580434403967692
403,E,0.05542453,0.023536604,1.3528692437368757,3.133306199877335,10.622406129022815,7.628744793545563,-0.8274727416727348,0.6784341919225767,0.10664463259368673
404,E,0.05322073,0.023819106,1.234893241507199,3.0866790218070657,10.197620375267698,7.2813819831241045,-0.8290532458496843,0.61912858631753,0.10039346812313074
405,F,0.2514508,0.25788206,23.390486475262165,3.0187097977700046,8.134629440364206,31.138274145635446,-0.854343358669754,0.7939587220159009,0.16763069653358073
406,F,0.18733762,0.19243452,18.58901927722924,2.8916942540082546,7.698072081246913,28.210033798246567,-0.8284189392635911,0.9147879660354019,0.19556705619420486
407,F,0.12755917,0.13503346,16.808231380213023,2.570534045110311,6.012530798365317,27.380483914035715,-0.8018962509274953,1.0618818391004812,0.3089907233050751
408,F,0.08069215,0.094982654,17.31605633565669,2.3086084954890005,4.715387284273219,28.311995370075383,-0.7783376665133215,1.2577408307418128,0.7583598791353686
409,F,0.05785541,0.082970284,18.211870890617515,2.1136439628248396,3.63822816797862,29.2943548690425,-0.7703383940170196,1.2577408307418128,0.9984624414750053
410,F,0.06055891,0.08837175,19.50956164005295,2.0207626452461103,3.0538876672741972,30.406328370711872,-0.7671733982423301,1.2046979833839118,1.0512699052507815
411,F,0.0672756,0.08840994,19.88761767330651,2.0475552912163058,3.083221324041811,30.56099240851725,-0.7725083254655283,1.00883899174258,1.080456722931734
412,F,0.062176783,0.08157463,19.783721554981852,2.1423364743122324,3.467369366758308,30.203950063436977,-0.7846916734289295,1.0379083330628327,1.0769133498927652
413,F,0.052032236,0.07671627,20.279647800489847,2.2577997256906936,3.974072760291129,30.273600917549665,-0.798606442674076,1.114924686458382,1.0349233044342825
414,F,0.046111424,0.076505765,21.693332456293216,2.357526661028934,4.3969030883987354,31.027396266335398,-0.8115107116116684,1.0379083330628325,1.0194393918625626
415,F,0.045373555,0.07791274,23.672301513044147,2.4275747240823327,4.651565693904945,32.15989876837932,-0.8232452364754049,0.8805922287662148,1.0123892712872287
416,F,0.04624946,0.077830896,24.638826936582564,2.4613623684062143,4.731944017308814,32.62797801197529,-0.8324391813886716,0.8805922287662148,1.0148183302524882
417,F,0.04601264,0.07557918,24.663841512134383,2.463823005818484,4.684956091408564,32.549910369417766,-0.8384280953104507,0.8805922287662148,1.0244676036120244
418,F,0.04431663,0.0722906,23.596070851654478,2.463100306152371,4.616147764479894,31.73858648125026,-0.8463174739968574,0.9191004054639895,1.0390508122981732
419,F,0.042199805,0.06938982,22.915778505395362,2.4492596139576177,4.506277566281521,31.273060743211897,-0.8466018817241922,0.996116758859539,1.0556685160465822
